id,value
Trinity_Christian_School,
Trinity_Christian_School.Communication,
Trinity_Christian_School.Communication.Seesaw,3938
Trinity_Christian_School.Communication.Seesaw.Blog,3938
Trinity_Christian_School.Communication.Seesaw.Blog.Notification,3812
Trinity_Christian_School.Communication.Seesaw.Message,6714
Trinity_Christian_School.Communication.Seesaw.Message.Group,743
Trinity_Christian_School.Communication.Seesaw.Message.Individual,743
Trinity_Christian_School.Communication.Seesaw.Message.Attachment,3534
Trinity_Christian_School.Communication.Moodle.announcements.parent_communication,5731
Trinity_Christian_School.Communication.Moodle.announcements.formative_feedback,7840
Trinity_Christian_School.learning_management,
Trinity_Christian_School.learning_management.Excel,17010
Trinity_Christian_School.learning_management.Excel.grading_forums,5842
Trinity_Christian_School.learning_management.Excel.student_handouts,5842
Trinity_Christian_School.learning_management.Word,2047
Trinity_Christian_School.learning_management.Word.reporting,1375
Trinity_Christian_School.learning_management.Moodle,1675
Trinity_Christian_School.learning_management.Moodle.forms,2042
Trinity_Christian_School.learning_management.Moodle.links,1041
Trinity_Christian_School.learning_management.Moodle.links.videos,5176
Trinity_Christian_School.learning_management.Moodle.links.resources,449
Trinity_Christian_School.learning_management.Moodle.unit_outlines,5593
Trinity_Christian_School.learning_management.Moodle.assignments,5534
Trinity_Christian_School.learning_management.Moodle.assignments.assessment_outlines,5534
Trinity_Christian_School.learning_management.Moodle.assignments.dissemination,9201
Trinity_Christian_School.learning_management.Moodle.assignments.submission,19975
Trinity_Christian_School.learning_management.Moodle.assignments.feedback,1116
Trinity_Christian_School.learning_management.Moodle.forums,6006
Trinity_Christian_School.learning_management.Moodle.announcements,9201
Trinity_Christian_School.learning_management.Moodle.activities.pictures_of_board,1116
Trinity_Christian_School.learning_management.Seesaw,5534
Trinity_Christian_School.learning_management.Seesaw.activities,9201
Trinity_Christian_School.learning_management.Seesaw.activities.classwork_instructions,19975
Trinity_Christian_School.learning_management.Seesaw.activities.feedback,1116
Trinity_Christian_School.learning_management.Seesaw.activities.assessment_drafts,6006
Trinity_Christian_School.classroom_management.classroom_managementSource,3331
Trinity_Christian_School.classroom_management.classroom_managementTable,772
Trinity_Christian_School.classroom_management.classroom_managementUtil,3322
Trinity_Christian_School.classroom_management.classroom_managementSource,3331
Trinity_Christian_School.classroom_management.classroom_managementTable,772
Trinity_Christian_School.classroom_management.classroom_managementUtil,3322
Trinity_Christian_School.classroom_management.classroom_managementSource,3331
Trinity_Christian_School.classroom_management.classroom_managementTable,772
Trinity_Christian_School.classroom_management.classroom_managementUtil,3322
Trinity_Christian_School.classroom_management.classroom_managementSource,3331
Trinity_Christian_School.classroom_management.classroom_managementTable,772
Trinity_Christian_School.classroom_management.classroom_managementUtil,3322
Trinity_Christian_School.classroom_management.classroom_managementUtil,3322
Trinity_Christian_School.assessment,
Trinity_Christian_School.assessment.DirtySprite,8833
Trinity_Christian_School.assessment.LineSprite,1732
Trinity_Christian_School.assessment.RectSprite,3623
Trinity_Christian_School.assessment.TextSprite,10066
Trinity_Christian_School.student_administration,
Trinity_Christian_School.student_administration.Moodle.TCS_intellectual_property,1082
Trinity_Christian_School.student_administration.GravityForce,1336
Trinity_Christian_School.student_administration.IForce,319
Trinity_Christian_School.student_administration.NBodyForce,10498
Trinity_Christian_School.student_administration.Particle,2822
Trinity_Christian_School.student_administration.Simulation,9983
Trinity_Christian_School.student_administration.Spring,2213
Trinity_Christian_School.student_administration.SpringForce,1681
,
,
,
,
,
,
,
,
,
,
,
,
,
,
,
,
,
,
,
,
,
,
,
,
,
,
,
,
,
,
,
,
,
,
,
,
,
,
,
,
,
,
,
,
,
,
,
,
,
,
,
,
,
,
,
,
,
,
,
,
,
,
,
,
,
,
,
,
,
,
,
,
,
,
,
,
,
,
,
,
,
,
,
,
,
,
,
,
,
,
,
,
,
,
,
,
,
,
,
,
,
,
,
,
,
,
,
,
,
,
,
,
,
,
,
,
,
,
,
,
,
,
,
,
,
,
,
,
,
,
,
,
,
,
,
,
,
,
,
,
,
,
,
,
,
,
,
,
,
,
,
,
,
,
,
,
,
,
,
,
,
,
,
,
,
,
,
,
,
,
,
,
,
,
,
,
,
,
,
,
,
,
,
,
,
,